Provincia,Canton,Parroquia,Latitud,Longitud,Nombre,Direccion,Modalidad,Jornada Laboral,DocentesFemenino,DocentesMasculino,TotalDocentes,TotalAdministrativos,EstudiantesFemenino,EstudiantesMasculino,Total_Alumnos
Loja_Province,ESPINDOLA,ELAIRO,-4,471945949890,COLEGIO DE BACHILLERATO  2 DE AGOSTO,   BARRIO LA HUACA,FiscalHighSchool,Costa,Presencial,Matutina,7,3,10,2,63
Loja_Province,LOJA,GUALEL,-3,770003862500,COLEGIO DE BACHILLERATO  AGUSTIN CURIPOMA,   PARROQUIA GUALEL,FiscalHighSchool,Sierra,Presencial,Matutina,2,6,8,2,52
Loja_Province,OLMEDO,LATINGUE,-3,910695867130,COLEGIO DE BACHILLERATO  LA TINGUE,   PARROQUIA LA TINGUE,FiscalHighSchool,Costa,Presencial,Matutina,5,3,8,2,44
Loja_Province,QUILANGA,SANANTONIODELASARADAS,-4,364194784370,COLEGIO DE BACHILLERATO  LIC  MIGUEL ANTOLIANO SALINAS JARAMILLO,   PROLONGACION DE LA ESCALINATA DEL PARQUE CENTRAL,FiscalHighSchool,Costa,Presencial,Matutina,6,4,10,4,40
Loja_Province,LOJA,SANSEBASTIAN,-4,3418747970,COLEGIO DE BACHILLERATO  PIO JARAMILLO ALVARADO,BOLIVAR 1479 CATACOCHA Y LOURDES ,FiscalHighSchool,Sierra,Presencial,Matutina,Vespertina,Nocturno,47,20,67
Loja_Province,QUILANGA,QUILANGA,-4,294694892540,COLEGIO DE BACHILLERATO  QUILANGA,   BARRIO SANN ROQUE,FiscalHighSchool,Costa,Presencial,Matutina,10,12,22,5,165
Loja_Province,CELICA,CELICA,-4,104940523070,COLEGIO DE BACHILLERATO 12 DE DICIEMBRE,CALLE COLON VIA A GUACHAMA 300 CALLE LOJA ,FiscalHighSchool,Costa,Presencial,Matutina,Nocturno,8,13,21,6
Loja_Province,CALVAS,ELLUCERO,-4,400078925150,COLEGIO DE BACHILLERATO 14 DE OCTUBRE,   AVENIDA ESPINDOLA  PARROQUIA EL LUCERO,FiscalHighSchool,Costa,Presencial,Matutina,3,7,10,5,89
Loja_Province,SOZORANGA,SOZORANGA,-4,327111640320,COLEGIO DE BACHILLERATO 18 DE NOVIEMBRE,   BARRIO SAN VICENTE,FiscalHighSchool,Costa,Presencial,Matutina,Nocturno,13,11,24,5
Loja_Province,LOJA,SANSEBASTIAN,-4,14502600020,COLEGIO DE BACHILLERATO 27 DE FEBRERO,PABLO PALACIO 21-51 JHON F  KENNEDY ,FiscalHighSchool,Sierra,Presencial,Matutina,Vespertina,50,27,77,9
Loja_Province,GONZANAMA,PURUNUMA(EGUIGUREN),-4,210332743210,COLEGIO DE BACHILLERATO 30 DE SEPTIEMBRE,   TRECE DE SEPTIEMBRE,FiscalHighSchool,Costa,Presencial,Matutina,5,5,10,2,34
Loja_Province,CATAMAYO,SANPEDRODELABENDITA,-3,944030198130,COLEGIO DE BACHILLERATO 8 DE DICIEMBRE,   LOCALIDAD SAN PEDRO DE LA BENDITA,FiscalHighSchool,Sierra,Presencial,Matutina,13,8,21,2,161
Loja_Province,LOJA,SANTIAGO,-3,790059873590,COLEGIO DE BACHILLERATO ABDON CALDERON MU�OZ,   AVENIDA AMADEO AGUIRRE,FiscalHighSchool,Sierra,Presencial,Matutina,5,4,9,2,62
Loja_Province,LOJA,SUCRE,-3,993026503360,COLEGIO DE BACHILLERATO ADOLFO VALAREZO,CARLOS ROMAN HINOSTROZA  ADOLFO VALAREZO Y  MANUEL CARRION PINZANO ,FiscalHighSchool,Sierra,Presencial,Matutina,Vespertina,54,22,76,8
Loja_Province,GONZANAMA,GONZANAMA,-4,229190570490,COLEGIO DE BACHILLERATO BALBINA MORENO,24 DE MAYO  CALLE BOLIVAR ,FiscomitionalHighSchool,Costa,Presencial,Matutina,7,7,14,2,106
Loja_Province,LOJA,ELSAGRARIO,-3,996337201380,COLEGIO DE BACHILLERATO BEATRIZ CUEVA DE AYORA,ORILLAS DEL ZAMORA 07-90 10 DE AGOSTO ,FiscalHighSchool,Sierra,Presencial,Matutina,Vespertina,86,34,120,10
Loja_Province,PUYANGO,MERCADILLO,-4,23968316620,COLEGIO DE BACHILLERATO CARLOS GARBAY MONTESDEOCA,   PARROQUIA MERCADILLO - VIA SAN JOSE,FiscalHighSchool,Costa,Presencial,Matutina,3,8,11,3,72
Loja_Province,CHAGUARPAMBA,CHAGUARPAMBA,-3,847751497550,COLEGIO DE BACHILLERATO CHAGUARPAMBA,   BARRIO LA UNION,FiscalHighSchool,Costa,Presencial,Matutina,7,9,16,6,134
Loja_Province,CELICA,CELICA,-4,152612045580,COLEGIO DE BACHILLERATO COMUNA DOMINGUILLO,   BARRIO LAS PAMPAS,FiscalHighSchool,Costa,Presencial,Matutina,2,6,8,0,22
Loja_Province,LOJA,SUCRE,-4,8082475480,COLEGIO DE BACHILLERATO DOCTOR BENJAMIN CARRION,AV. PIO JARAMILLO  CUBA ,FiscalHighSchool,Sierra,Presencial,Nocturno,7,5,12,4,83
Loja_Province,LOJA,CHANTACO,-3,880363687020,COLEGIO DE BACHILLERATO DR  EDUARDO MORA MORENO,   CHANTACO CENTRO  CERCA  DEL  RET�N POLICIAL,FiscalHighSchool,Sierra,Presencial,Matutina,6,3,9,2,91
Loja_Province,LOJA,QUINARA,-4,317864375730,COLEGIO DE BACHILLERATO DR BALTAZAR AGUIRRE,   A DOS CUADRAS DEL PARQUE CENTRAL,FiscalHighSchool,Sierra,Presencial,Matutina,3,6,9,2,92
Loja_Province,PINDAL,12DEDICIEMBRE,-4,71115152600,COLEGIO DE BACHILLERATO DR CLOTARIO PAZ PALADINES,   PARROQUIA   12  DE  DICIEMBRE,FiscalHighSchool,Costa,Presencial,Matutina,6,3,9,2,48
Loja_Province,ESPINDOLA,SANTATERESITA,-4,502110000230,COLEGIO DE BACHILLERATO DR HUGO GUILLERMO GONZALEZ,   VIA PRINCIPAL CARIAMNAGA JUNTO A LA URNA  DEL DIVINO NI�O,FiscalHighSchool,Costa,Presencial,Matutina,5,4,9,2,29
Loja_Province,CHAGUARPAMBA,BUENAVISTA,-3,891726687890,COLEGIO DE BACHILLERATO DR JUAN FRANCISCO ONTANEDA,   BARRIO BUENAVISTA CENTRO,FiscalHighSchool,Costa,Presencial,Matutina,5,5,10,4,71
Loja_Province,SOZORANGA,TACAMOROS,-4,395250149910,COLEGIO DE BACHILLERATO DR MANUEL AGUSTIN AGUIRRE,   BARRIO LAS DELICIAS,FiscalHighSchool,Costa,Presencial,Matutina,2,6,8,2,48
Loja_Province,SOZORANGA,TACAMOROS,-4,421946453410,COLEGIO DE BACHILLERATO DR ZOILO RODRIGUEZ,   PARROQUIA TACAMOROS UBICADO   A DIEZ KILOMETROS DE FRONTERA,FiscalHighSchool,Costa,Presencial,Matutina,5,7,12,5,50
Loja_Province,ESPINDOLA,27DEABRIL,-4,441865282430,COLEGIO DE BACHILLERATO ECUADOR,   VIA PRINCIPAL CARIAMANGA-AMALUZA DESVIA EN EL SITIO LAS LIMAS 3 KM,FiscalHighSchool,Costa,Presencial,Matutina,3,8,11,4,97
Loja_Province,CALVAS,COLAISACA,-4,318748669630,COLEGIO DE BACHILLERATO EDMUNDO CEVALLOS AGUIRRE,   LOCALIDAD COLAISACA,FiscalHighSchool,Costa,Presencial,Matutina,1,7,8,6,25
Loja_Province,LOJA,ELCISNE,-3,849497969920,COLEGIO DE BACHILLERATO EL CISNE,   VIA A GUALEL BARRIO LA CONCHA EL CISNE,FiscalHighSchool,Sierra,Presencial,Matutina,3,5,8,3,48
Loja_Province,PUYANGO,ELLIMO(MARIANADEJESUS),-3,986552654520,COLEGIO DE BACHILLERATO EL LIMO,   KM   11/2 VIA A MANGAHURCO MARGEN DERECHO PARROQUIA EL LIMO,FiscalHighSchool,Costa,Presencial,Matutina,10,2,12,4,73
Loja_Province,CATAMAYO,ELTAMBO,-4,144447994380,COLEGIO DE BACHILLERATO EMILIANO ABENDA�O GONZALEZ,   Barrio La Merced Alta,FiscalHighSchool,Costa,Presencial,Matutina,3,5,8,3,50
Loja_Province,CATAMAYO,CATAMAYO,-3,985779994200,COLEGIO DE BACHILLERATO EMILIANO ORTEGA ESPINOZA,DIEZ Y OCHO DE AGOSTO  OLMEDO Y EUGENIO ESPEJO ,FiscalHighSchool,Sierra,Presencial,Matutina,33,20,53,8,645
Loja_Province,ESPINDOLA,ELINGENIO,-4,410831334180,COLEGIO DE BACHILLERATO FISCOMISIONAL  GABRIEL GARCIA MORENO,   A 200M DE LA VIA AMALUZA PASANDO LA VIA PRINCIPAL A MANO IZQUIERDA,FiscomitionalHighSchool,Costa,Presencial,Matutina,7,8,15,3,108
Loja_Province,LOJA,VALLE,-3,987918158240,COLEGIO DE BACHILLERATO FISCOMISIONAL DANIEL ALVAREZ BURNEO,AV DANIEL ALVAREZ 12-51 AV ORILLAS DEL ZAMORA ,FiscomitionalHighSchool,Sierra,Presencial,Matutina,85,75,160,31,1.629
Loja_Province,CATAMAYO,CATAMAYO,-3,985747544220,COLEGIO DE BACHILLERATO FISCOMISIONAL NUESTRA SE�ORA DEL ROSARIO,9 DE OCTUBRE  EUGENIO ESPEJO ,FiscomitionalHighSchool,Sierra,Presencial,Matutina,41,18,59,4,676
Loja_Province,ZAPOTILLO,PALETILLAS,-4,163887930520,COLEGIO DE BACHILLERATO GALO ROLANDO VELEZ RIVERA,   PARROQUIA PALETILLAS,FiscalHighSchool,Costa,Presencial,Matutina,7,5,12,2,102
Loja_Province,LOJA,TAQUIL(MIGUELRIOFRIO),-3,893275868640,COLEGIO DE BACHILLERATO GUILLERMO HERRERA SANCHEZ,   CENTRO TAQUIL,FiscalHighSchool,Sierra,Presencial,Matutina,3,4,7,2,40
Loja_Province,LOJA,SUCRE,-3,983691623330,COLEGIO DE BACHILLERATO HERNAN GALLARDO MOSCOSO,AV ISIDRO AYORA  BARQUISIMETO ,FiscalHighSchool,Sierra,Presencial,Matutina,5,6,11,3,96
Loja_Province,GONZANAMA,SACAPALCA,-4,153556472590,COLEGIO DE BACHILLERATO JOSE FELIX DE VALDIVIESO,   TRAS LA ESCUELA CALIXTO CUEVA SANCHEZ,FiscalHighSchool,Costa,Presencial,Matutina,5,2,7,3,77
Loja_Province,SOZORANGA,NUEVAFATIMA,-4,267579819490,COLEGIO DE BACHILLERATO JOSE MARIA RIOFRIO Y VALDIVIEZO,   POBLACION DE LA PARROQUIA,FiscalHighSchool,Costa,Presencial,Matutina,2,6,8,2,47
Loja_Province,PUYANGO,ALAMOR,-4,18385217620,COLEGIO DE BACHILLERATO JULIO ISAAC ESPINOZA OCHOA,CALLE SIMON BOLIVAR ENTRE SUCRE Y JUAN MONTALVO  CALLE SUCHE  Y  RIO AMAZONAS ,FiscalHighSchool,Costa,Presencial,Matutina,Nocturno,19,8,27,4
Loja_Province,MACARA,LAVICTORIA,-4,436721960950,COLEGIO DE BACHILLERATO LA VICTORIA,   Localidad La victoria,FiscalHighSchool,Costa,Presencial,Matutina,4,6,10,3,42
Loja_Province,PUYANGO,ALAMOR,-4,9143133140,COLEGIO DE BACHILLERATO LAUTARO VICENTE LOAYZA,   COMUNIDAD DE NARANJAL A 200 METROS ANTES DEL CASERIO,FiscalHighSchool,Costa,Presencial,Matutina,2,6,8,3,27
Loja_Province,LOJA,JIMBILLA,-3,859999833490,COLEGIO DE BACHILLERATO LIBERTADOR BOLIVAR,   CENTRO PARROQUIA CERCA DEL SUBCENTRO DE SALUD,FiscalHighSchool,Sierra,Presencial,Matutina,6,2,8,2,42
Loja_Province,LOJA,SANSEBASTIAN,-4,30026386360,COLEGIO DE BACHILLERATO LICEO DE LOJA PARTICULAR,NO HAY  NO HAY ,LaicHighSchool,Sierra,Presencial,Matutina,24,16,40,27,255
Loja_Province,MACARA,GENERALELOYALFARO(SANSEBASTIAN),-4,371474135700,COLEGIO DE BACHILLERATO MACARA,AV PANAMERICANA NORTE 01-03 VIA CARIAMANGA ,FiscalHighSchool,Costa,Presencial,Matutina,Nocturno,34,22,56,8
Loja_Province,ZAPOTILLO,CAZADEROS(CAB.ENMANGAURCO),-4,155613744900,COLEGIO DE BACHILLERATO MANGAHURCO,   RECINTO MANGAHURCO,FiscalHighSchool,Costa,Presencial,Matutina,3,6,9,3,30
Loja_Province,LOJA,YANGANA(ARSENIOCASTILLO),-4,363137934710,COLEGIO DE BACHILLERATO MANUEL BENJAMIN CARRION,   CENTRO DE YANGANA,FiscalHighSchool,Sierra,Presencial,Matutina,8,6,14,3,91
Loja_Province,PUYANGO,VICENTINO,-3,962670273450,COLEGIO DE BACHILLERATO MANUEL CARRION PINZANO,   ANGEL LIMA ENTRE MANUEL RAMIREZ Y MIGUEL CALLE,FiscalHighSchool,Costa,Presencial,Matutina,6,5,11,3,62
Loja_Province,LOJA,ELSAGRARIO,-3,991479379610,COLEGIO DE BACHILLERATO MANUEL ENRIQUE RENGEL,AV. UNIVERSITARIA  JUAN DE SALINAS ENTRE  DIECIOCHO DE NOVIEMBRE Y AVENIDA UNIVERSIARIA ,FiscalHighSchool,Sierra,Presencial,Nocturno,8,5,13,3,70
Loja_Province,PUYANGO,CIANO,-3,945805345540,COLEGIO DE BACHILLERATO MARCOS OCHOA MU�OZ,   UBICADO EN EL BARRIO LAS COCHAS PARROQUIA CIANO,FiscalHighSchool,Costa,Presencial,Matutina,0,7,7,2,68
Loja_Province,CHAGUARPAMBA,SANTARUFINA,-3,851082572380,COLEGIO DE BACHILLERATO MATILDE HIDALGO DE PROCEL,   ACCESO POR EL PUENTE DEL R�O PINDO,FiscalHighSchool,Costa,Presencial,Matutina,4,4,8,3,54
Loja_Province,CATAMAYO,ELTAMBO,-4,71662614330,COLEGIO DE BACHILLERATO MONS LEONIDAS PROA�O VILLALBA,   PARROQUIA EL TAMBO,FiscalHighSchool,Costa,Presencial,Matutina,8,7,15,4,89
Loja_Province,LOJA,VALLE,-3,994387517180,COLEGIO DE BACHILLERATO PARTICULAR  ANTONIO PE�A CELI,BARRIO COLINAS DE BELEN  COLINAS DE BELEN ,ReligiousHighSchool,Sierra,Presencial,Matutina,13,8,21,12,141
Loja_Province,LOJA,ELSAGRARIO,-3,996074172200,COLEGIO DE BACHILLERATO PARTICULAR CORDILLERA,BERNARDO VALDIVIESO 06-34 JOS� ANTONIO EGUIGUREN ,LaicHighSchool,Sierra,Presencial,Matutina,23,8,31,8,128
Loja_Province,LOJA,SUCRE,-3,980536,COLEGIO DE BACHILLERATO PARTICULAR DR JOSE MARIA VIVAR CASTRO,BELEN BAJO  CHARITI Y PROLONGACION DE LA BUENA VENTURA ,LaicHighSchool,Sierra,Presencial,Matutina,3,2,5,3,15
Loja_Province,LOJA,VALLE,-3,957447938720,COLEGIO DE BACHILLERATO PARTICULAR EUGENIO ESPEJO,AV. SALVADOR BUSTAMANTE CELI 00 S/N ,LaicHighSchool,Sierra,Presencial,Matutina,39,11,50,27,432
Loja_Province,LOJA,VALLE,-3,973193311630,COLEGIO DE BACHILLERATO PARTICULAR IBEROAMERICANO SAN AGUST�N,AGUSTIN CARRION  AVENIDA SALVADOR BUSTAMANTE CELI ,LaicHighSchool,Sierra,Presencial,Matutina,12,6,18,5,95
Loja_Province,LOJA,VALLE,-3,981580627790,COLEGIO DE BACHILLERATO PARTICULAR MIGUEL ANGEL SUAREZ,AV SALVADOR BUSTAMANTE CELI  AV GUAYAQUIL Y PASAJE ,ReligiousHighSchool,Sierra,Presencial,Matutina,5,11,16,6,70
Loja_Province,LOJA,SUCRE,-3,980643,COLEGIO DE BACHILLERATO PARTICULAR PARA PCEI DR JOSE MARIA VIVAR CASTRO,BELEN BAJO  CALLE CHARITY 0000000 BUENA VENTURA ,LaicHighSchool,Sierra,Distancia,Matutina,3,4,7,3,45
Loja_Province,LOJA,ELSAGRARIO,-3,999989050690,COLEGIO DE BACHILLERATO PARTICULAR PCEI AMAZONAS,AVENIDA MANUEL AGUSTIN AGUIRRE 1063 ENTRE MIGUEL RIOFRIO Y AZUAY ,LaicHighSchool,Costa,Semipresencial,Matutina,Vespertina,7,2,9,9
Loja_Province,LOJA,SUCRE,-3,999861389480,COLEGIO DE BACHILLERATO PARTICULAR PCEI AMAZONAS,AV MANUEL AGUISTIN AGUIRRE 10-63 AZUAY Y MIGUEL RIOFRIO ,LaicHighSchool,Sierra,Distancia,Matutina,Vespertina,Nocturno,6,4,10
Loja_Province,LOJA,SANSEBASTIAN,-4,2499462840,COLEGIO DE BACHILLERATO PARTICULAR PCEI ISIDRO AYORA CUEVA,AV. EMILIANO ORTEGA 1101-93 LOURDES ,LaicHighSchool,Sierra,Distancia,Matutina,10,2,12,3,155
Loja_Province,LOJA,SANSEBASTIAN,-4,52107090030,COLEGIO DE BACHILLERATO PARTICULAR SAN GERARDO,KM  TRES Y MEDIO   VIA VILCABAMBA 1171 SIN NOMBRE ,LaicHighSchool,Sierra,Presencial,Matutina,59,20,79,24,434
Loja_Province,LOJA,SANSEBASTIAN,-4,3418391250,COLEGIO DE BACHILLERATO PCEI  PIO JARAMILLO ALVARADO,BOL�VAR 1479 CATACOCHA ,FiscalHighSchool,Sierra,Semipresencial,Matutina,10,2,12,1,71
Loja_Province,CATAMAYO,ZAMBI,-3,912498028020,COLEGIO DE BACHILLERATO PEDRO VICTOR FALCONI,   Calle sin nombre entrada a la parroquia Colina Alta,FiscalHighSchool,Costa,Presencial,Matutina,4,5,9,1,33
Loja_Province,PINDAL,PINDAL,-4,116250852770,COLEGIO DE BACHILLERATO PINDAL,   BARRIO EL PANECILLO,FiscalHighSchool,Costa,Presencial,Matutina,24,12,36,4,402
Loja_Province,LOJA,SUCRE,-3,983334234820,COLEGIO DE BACHILLERATO PRESIDENTE ISIDRO AYORA,AVENIDA VIRGILIO RODAS  SIN NOMBRE ,FiscalHighSchool,Sierra,Presencial,Nocturno,2,5,7,1,52
Loja_Province,CELICA,CRUZPAMBA,-4,161499346540,COLEGIO DE BACHILLERATO PROCER JOSE PICOITA,   PARROQUIA CRUZPAMBA,FiscalHighSchool,Costa,Presencial,Matutina,5,6,11,3,85
Loja_Province,LOJA,MALACATOS(VALLADOLID),-4,219218086810,COLEGIO DE BACHILLERATO RAFAEL RODRIGUEZ PALACIOS,   VIA A MALACATOS,FiscalHighSchool,Sierra,Presencial,Vespertina,Nocturno,12,4,16,3
Loja_Province,PINDAL,CHAQUINAL,-4,46448046110,COLEGIO DE BACHILLERATO RAMON RIOFRIO BUSTAMANTE,   CHAQUINAL,FiscalHighSchool,Costa,Presencial,Matutina,4,5,9,2,60
Loja_Province,ESPINDOLA,AMALUZA,-4,580168164590,COLEGIO DE BACHILLERATO ROSA HERLINDA GARCIA DE GARCIA,LUIS CORDERO  LUIS CORDERO ,FiscalHighSchool,Costa,Presencial,Matutina,10,4,14,2,149
Loja_Province,MACARA,SABIANGO(LACAPILLA),-4,367053430950,COLEGIO DE BACHILLERATO RVDO JORGE SANCHEZ MORENO,   CALLE MACARA Y AV. MACARA,FiscalHighSchool,Costa,Presencial,Matutina,5,5,10,6,17
Loja_Province,LOJA,SANPEDRODEVILCABAMBA,-4,238250233730,COLEGIO DE BACHILLERATO SAN PEDRO DE VILCABAMBA,   BARRIO PANECILLO,FiscalHighSchool,Sierra,Presencial,Matutina,Vespertina,6,7,13,4
Loja_Province,LOJA,CHUQUIRIBAMBA,-3,844691246550,COLEGIO DE BACHILLERATO SAN VICENTE FERRER,   BARRIO SAN VICENTE,FiscomitionalHighSchool,Sierra,Presencial,Matutina,13,10,23,4,92
Loja_Province,CELICA,POZUL(SANJUANDEPOZUL),-4,116750041580,COLEGIO DE BACHILLERATO TNTE MAXIMILIANO RODRIGUEZ,   PARROQUIA POZUL,FiscalHighSchool,Costa,Presencial,Matutina,9,10,19,5,160
Loja_Province,CELICA,SABANILLA,-4,208333502330,COLEGIO DE BACHILLERATO TRECE DE NOVIEMBRE,   PARROQUIA SABANILLA,FiscalHighSchool,Costa,Presencial,Matutina,5,6,11,4,71
Loja_Province,LOJA,VILCABAMBA(VICTORIA),-4,261248298100,COLEGIO DE BACHILLERATO VILCABAMBA,   AV  DIEGO VACA DE VEGA  Y LA PAZ KM 1 VIA A YAMBURARA,FiscalHighSchool,Sierra,Presencial,Matutina,Nocturno,24,10,34,5
Loja_Province,ZAPOTILLO,ZAPOTILLO,-4,385360901180,COLEGIO DE BACHILLERATO ZAPOTILLO,CALLE PALETILLAS  9 DE OCTUBRE ,FiscalHighSchool,Costa,Presencial,Matutina,10,8,18,4,133
Loja_Province,CATAMAYO,CATAMAYO,-3,985309193160,COLEGIO NACIONAL NOCTURNO CATAMAYO,18 DE AGOSTO 04-55 ENTRE OLMEDO Y EUGENIO ESPEJO BARRIO EL PORVENIR ,FiscalHighSchool,Sierra,Presencial,Nocturno,11,15,26,2,220
Loja_Province,ESPINDOLA,BELLAVISTA,-4,504997302730,ESCUELA DE EDUCACION BASICA CABO CASTILLO,   BARRIO JIBIRUCHE,FiscalHighSchool,Costa,Presencial,Matutina,7,7,14,0,92
Loja_Province,PALTAS,CANGONAMA,-3,966531349250,COLEGIO DE BACHILLERATO FRONTERA SUR,   A 50 METROS DEL PARQUE,FiscalHighSchool,Costa,Presencial,Matutina,2,7,9,2,32
Loja_Province,CALVAS,UTUANA,-4,362196707140,ESCUELA DE EDUCACION BASICA GENERAL MOISES OLIVA,   PARROQUIA UTUANA,FiscalHighSchool,Costa,Presencial,Matutina,12,5,17,4,89
Loja_Province,LOJA,SANSEBASTIAN,-4,13392763880,ESCUELA DE EDUCACI�N B�SICA LAURO DAMERVAL AYORA N 1,AVENIDA BENJAMIN CARRION 21197 PABLO PALACIO ,FiscalHighSchool,Sierra,Presencial,Matutina,Vespertina,41,15,56,2
Loja_Province,PALTAS,CASANGA,-4,13860840450,COLEGIO DE BACHILLERATO MANUEL  JOSE  JARAMILLO,   CENTRO PARROQUIA CASANGA - TRAS LA IGLESIA,FiscalHighSchool,Costa,Presencial,Matutina,4,5,9,4,58
Loja_Province,PALTAS,CASANGA,-4,15836873880,COLEGIO DE BACHILLERATO MACANDAMINE,   BARRIO MACANDAMINE,FiscalHighSchool,Costa,Presencial,Matutina,5,3,8,3,38
Loja_Province,CALVAS,CARIAMANGA,-4,333292134730,INSTITUTO TECNOLOGICO SUPERIOR CARIAMANGA,JOSE ANGEL PALACIOS  GONZALEZ SUARES Y  MIGUEL PERALTA ,FiscalHighSchool,Costa,Presencial,Matutina,25,25,50,9,189
Loja_Province,CATAMAYO,CATAMAYO,-3,990003605240,JOSE MARIA VELAZ SJ EXTENSION N2 CATAMAYO,NUEVE DE OCTUBRE 00 BOLIVAR Y EUGENIO ESPEJO ,LaicHighSchool,Sierra,Distancia,Matutina,Vespertina,7,5,12,5
Loja_Province,PUYANGO,ELARENAL,-3,961694590280,RAMON SAMANIEGO PALACIOS,   VIA PRINCIPAL DE EL ARENAL,FiscalHighSchool,Costa,Presencial,Matutina,5,5,10,3,64
Loja_Province,PALTAS,CATACOCHA,-4,49385996540,UNIDAD EDUCATIVA FISCOMISIONAL DOMINGO CELI,DOMINGO CELI 7302 PALTAS E INDEPENDENCIA ,FiscomitionalHighSchool,Costa,Presencial,Matutina,34,8,42,3,479
Loja_Province,PUYANGO,ALAMOR,-4,16247769350,TECNICO PUYANGO,GABRIEL CAIZA  SUCRE ,FiscalHighSchool,Costa,Presencial,Matutina,12,19,31,6,169
Loja_Province,CALVAS,SANVICENTE,-4,330880748470,U. E. ELOY ALFARO,   BARRIO SAN VICENTE,FiscalHighSchool,Costa,Presencial,Matutina,Nocturno,39,36,75,13
Loja_Province,SARAGURO,ELPARAISODECELEN,-3,623412,UNIDAD EDUCATIVA PEDRO VICENTE MALDONADO,   CENTRO CELEN  VAUDILIO ARIAS Y VEINTE Y CUATRO  DE MAYO,FiscalHighSchool,Sierra,Presencial,Matutina,12,8,20,0,170
Loja_Province,GONZANAMA,NAMBACOLA,-4,133852,UNIDAD EDUCATIUVA NAMBACOLA,   A DOSCIENTOS METROS DEL PARQUE CENTRAL,FiscalHighSchool,Costa,Presencial,Matutina,6,15,21,6,121
Loja_Province,LOJA,ELCISNE,-3,850611385830,UNIDAD EDUCATIVA  CORAZON DE MARIA,   JUNTO AL CAMPO MARIANO,FiscomitionalHighSchool,Sierra,Presencial,Matutina,12,6,18,2,90
Loja_Province,ESPINDOLA,JIMBURA,-4,626669280760,UNIDAD EDUCATIVA  FISCOMISIONAL JULIO ERNESTO CELI,   CALLE 24 DE ABRIL Y AVENIDA AMALUZA,FiscomitionalHighSchool,Costa,Presencial,Matutina,10,8,18,5,145
Loja_Province,CALVAS,CARIAMANGA,-4,327301190120,UNIDAD EDUCATIVA  MARIA AUXILIADORA,   BARRIO  CENTRAL,FiscomitionalHighSchool,Costa,Presencial,Matutina,26,8,34,3,501
Loja_Province,LOJA,SANSEBASTIAN,-4,9221001990,UNIDAD EDUCATIVA BERNARDO VALDIVIESO,AV. EDUARDO KINGMAN 00 PABLO NERUDA Y CATAMAYO ,FiscalHighSchool,Sierra,Presencial,Matutina,Vespertina,Nocturno,91,75,166
Loja_Province,ZAPOTILLO,ZAPOTILLO,-4,382505,UNIDAD EDUCATIVA BRASIL,   BARRIO CEIBA CHICA,FiscalHighSchool,Costa,Presencial,Matutina,8,7,15,4,112
Loja_Province,PALTAS,GUACHANAMA,-4,47777620680,COLEGIO DE BACHILLERATO 29 DE MAYO,   PARROQUIA GUACHANAMA BARRIO CENTRAL,FiscalHighSchool,Costa,Presencial,Matutina,6,3,9,4,14
Loja_Province,LOJA,SANLUCAS,-3,712280517150,UNIDAD EDUCATIVA COMUNITARIA INTERCULTURAL BILINGUE RUMI�AHUI,   BARRIO PICHIG,FiscalHighSchool,Sierra,Presencial,Matutina,Vespertina,11,6,17,1
Loja_Province,ESPINDOLA,SANTATERESITA,-4,545530755660,UNIDAD EDUCATIVA COTOPAXI,   VIA AMALUZA CARIAMANGA BARRIO CANGOCHARA,FiscalHighSchool,Costa,Presencial,Matutina,6,10,16,0,88
Loja_Province,MACARA,MACARA(MANUELENRIQUERENGELSUQUILANDA),-4,385777848530,UNIDAD EDUCATIVA DEL MILENIO  5 DE JUNIO,AURIA MARIA ARIAS  MAXIMO ARTURO ROMAN Y ZOILA HERRERA ,FiscalHighSchool,Costa,Presencial,Matutina,18,4,22,2,188
Loja_Province,LOJA,SANSEBASTIAN,-4,29642462170,UNIDAD EDUCATIVA DR MANUEL AGUSTIN CABRERA LOZANO,CALLE PABLO PALACIOS  BARRIO SANTA TERESITA   SE UTILIZA LA INSTALACIONES DEL COLEGIO DE BACHILLERATO   VEINTE Y SIETE  DE ,FiscalHighSchool,Sierra,Presencial,Matutina,Vespertina,24,18,42,4
Loja_Province,LOJA,SANSEBASTIAN,-4,14753366160,UNIDAD EDUCATIVA EXPERIMENTAL PARA CIEGOS LUIS BRAILLE,BUGANVILLAS 2427 AVENIDA GOBERNACION DE MAINAS ,FiscalHighSchool,Sierra,Presencial,Nocturno,4,6,10,5,14
Loja_Province,PALTAS,LAUROGUERRERO,-3,967940277540,COLEGIO DE BACHILLERATO TCNEL LAURO GUERRERO,   BARRIO EL CASTILLO,FiscalHighSchool,Costa,Presencial,Matutina,4,6,10,5,49
Loja_Province,SARAGURO,LLUZHAPA,-3,501028772650,ESCUELA DE EDUCACION BASICA LATACUNGA,   PARROQUIA  LLUZHAPA,FiscalHighSchool,Costa,Presencial,Matutina,9,5,14,0,86
Loja_Province,PALTAS,LOURDES,-4,81280080960,COLEGIO DE BACHILLERATO SEGUNDO CUEVA CELI,   BARRIO SAN VICENTE DEL RIO,FiscalHighSchool,Costa,Presencial,Matutina,2,4,6,3,22
Loja_Province,LOJA,ELSAGRARIO,-3,995392628000,UNIDAD EDUCATIVA FISCOMISIONAL LA DOLOROSA,JOSE ANTONIO EGUIGUREN 11-92 OLMEDO ,ReligiousHighSchool,Sierra,Presencial,Matutina,Vespertina,Nocturno,42,65,107
Loja_Province,LOJA,ELSAGRARIO,-3,998526380730,UNIDAD EDUCATIVA FISCOMISIONAL LA INMACULADA,BOLIVAR 09-35 ROCAFUERTE Y MIGUEL RIOFRIO ,FiscomitionalHighSchool,Sierra,Presencial,Matutina,58,15,73,15,1.332
Loja_Province,MACARA,MACARA(MANUELENRIQUERENGELSUQUILANDA),-4,375554207100,UNIDAD EDUCATIVA FISCOMISIONAL MARISTA,AVENIDA PANAMERICANA 07-03 AVENIDA MARISTA ,FiscomitionalHighSchool,Costa,Presencial,Matutina,33,29,62,12,506
Loja_Province,OLMEDO,OLMEDO,-3,933530207380,UNIDAD EDUCATIVA FISCOMISIONAL MONS  ALBERTO ZAMBRANO PALACIOS,MONS JORGE GUILLERMO ARMIJOS SN SUCRE ,FiscomitionalHighSchool,Costa,Presencial,Matutina,20,18,38,3,312
Loja_Province,LOJA,VALLE,-3,987918158240,UNIDAD EDUCATIVA FISCOMISIONAL PARA PCEI HNO ANGEL PASTRANA CORRAL,JUAN DE SALINAS 03-61 JOSE FELIX DE VALDIVIESO Y QUITO ,FiscomitionalHighSchool,Sierra,Semipresencial,Matutina,34,11,45,3,366
Loja_Province,PALTAS,LOURDES,-4,53198301070,UNIDAD EDUCATIVA FISCOMISIONAL MARISTA DE CATACOCHA,CALLE LOURDES 2 CALLE SUCRE ,FiscomitionalHighSchool,Costa,Presencial,Matutina,27,23,50,10,446
Loja_Province,PALTAS,LOURDES,-4,57003828900,UNIDAD EDUCATIVA PALTAS,VENTURA   ENCALADA Y  VIA PANAMERICANA ,FiscalHighSchool,Costa,Presencial,Matutino,Nocturno,32,17,49,8
Loja_Province,LOJA,MALACATOS(VALLADOLID),-4,150027393010,ESCUELA DE EDUCACION BASICA ELVIA B�LGICA JIM�NEZ DE GONZ�LEZ,   BARRIO RUMIZHITANA,FiscalHighSchool,Sierra,Presencial,Matutina,13,5,18,3,122
Loja_Province,LOJA,MALACATOS(VALLADOLID),-4,216140308290,UNIDAD EDUCATIVA MANUEL JOS�  RODRIGUEZ,   BARRIO LA TRINIDAD,FiscomitionalHighSchool,Sierra,Presencial,Matutina,22,12,34,1,372
Loja_Province,SARAGURO,MANU,-3,485142462800,COLEGIO DE BACHILLERATO MAN�,   PACAIPAMBA VIA LOJA SN,FiscalHighSchool,Costa,Presencial,Matutina,5,8,13,5,119
Loja_Province,PALTAS,ORIANGA,-3,897668216730,COLEGIO DE BACHILLERATO ORIANGA,   BARRIO PUEBLO NUEVO PARROQUIA ORIANGA  A 80M DEL SUBCENTRO DE SALUD,FiscalHighSchool,Costa,Presencial,Matutina,7,4,11,2,69
Loja_Province,PALTAS,SANANTONIO,-3,979668730180,COLEGIO DE BACHILLERATO  DR CARLOS MANUEL ESPINOZA,   CENTRO DE  LA PARROQUIA  DE SAN ANTONIO,FiscalHighSchool,Costa,Presencial,Matutina,6,2,8,2,43
Loja_Province,SARAGURO,SANPABLODETENTA,-3,599750648550,UNIDAD EDUCATIVA COMUNITARIA INTERCULTURAL BILINGUE ABC,   PARROQUIA TENTA BARRIO MEMBRILLO,FiscalHighSchool,Sierra,Presencial,Matutina,8,16,24,2,227
Loja_Province,SARAGURO,SARAGURO,-3,648056931070,UNIDAD EDUCATIVA COMUNITARIA INTERCULTURAL BILINGUE TUPAK YUPANKI,   COMUNIDAD  O�ACAPAC,FiscalHighSchool,Sierra,Presencial,Matutino,Nocturno,12,6,18,0
Loja_Province,SARAGURO,SARAGURO,-3,629859878640,UE COMUNITARIA INTERCULTURAL BILINGUE INKA SAMANA,   COMUNIDAD ILINCHO AYLLU LLAKTA,FiscalHighSchool,Sierra,Presencial,Matutina,9,5,14,2,43
Loja_Province,SARAGURO,SARAGURO,-3,620804350560,COLEGIO DE BACHILLERATO SARAGURO,10 DE MARZO  PANAMERICANA ,FiscalHighSchool,Sierra,Presencial,Matutina,Vespertina,Nocturno,26,28,54
Loja_Province,SARAGURO,SARAGURO,-3,624361692040,COLEGIO DE BACHILLERATO �UKANCHIK KAWSAY PARA PCEI,   COMUNIDAD DE TUNCARTA A DIEZ MINUTOS DE LA VIA A CUENCA,FiscalHighSchool,Sierra,Distancia,Matutina,3,1,4,0,57
Loja_Province,CATAMAYO,CATAMAYO,-3,998662941580,UNIDAD EDUCATIVA FISCOMISIONAL SAN JUAN BAUTISTA,ALFREDO BAQUERIZO  DIEGO DE NOBOA ,FiscomitionalHighSchool,Sierra,Presencial,Matutina,19,6,25,3,211
Loja_Province,CALVAS,CARIAMANGA,-4,325507797690,UNIDAD EDUCATIVA FISCOMISIONAL SANTA JUANA DE ARCO LA SALLE,VELASCO IBARRA 00 AV.LOJA ,FiscomitionalHighSchool,Costa,Presencial,Matutina,30,16,46,4,346
Loja_Province,ZAPOTILLO,LIMONES,-4,388916163120,UNIDAD EDUCATIVA FRANCISCO DE ORELLANA,   PARROQUIA LIMONES,FiscalHighSchool,Costa,Presencial,Matutina,10,2,12,0,78
Loja_Province,GONZANAMA,GONZANAMA,-4,231862606430,UNIDAD EDUCATIVA GONZANAMA,AVENIDA 30 DE SEPTIEMBRE  24 DE MAYO ,FiscalHighSchool,Costa,Presencial,Matutina,Nocturno,28,13,41,9
Loja_Province,ZAPOTILLO,BOLASPAMBA,-4,185555417490,UNIDAD EDUCATIVA GREGORIO MARA�ON,   BARRIO BOLASPAMBA FRENTE AL DISPENSARIO DEL SSC,FiscalHighSchool,Costa,Presencial,Matutina,3,5,8,0,56
Loja_Province,ESPINDOLA,BELLAVISTA,-4,565081488340,UNIDAD EDUCATIVA JOS� MAR�A RIOFR�O,   BARRIO REINA DEL CISNE CALLE SAN FRANCISCO V�A A LLAMACHANCHI,FiscalHighSchool,Costa,Presencial,Matutina,8,5,13,1,68
Loja_Province,CHAGUARPAMBA,CHAGUARPAMBA,-3,878163258490,UNIDAD EDUCATIVA LA DOLOROSA,   VIA YAGUACHI BARRIO ROJAS A OCHO CUADRAS DE LA IGLESIA MATRIZ,FiscomitionalHighSchool,Costa,Presencial,Matutina,20,9,29,0,213
Loja_Province,LOJA,ELSAGRARIO,-3,995806560150,UNIDAD EDUCATIVA LA PORCIUNCULA,CALLE BOLIVAR 0639 COLON Y JOSE ANTONIO EGUIGUREN ,ReligiousHighSchool,Sierra,Presencial,Matutina,42,5,47,12,829
Loja_Province,LOJA,SUCRE,-3,999082173290,UNIDAD EDUCATIVA MANUEL IGNACIO MONTERO VALDIVIESO,   AVENIDA  VILLONACO OBRA PIA,FiscalHighSchool,Sierra,Presencial,Matutina,Vespertina,Nocturno,18,8,26
Loja_Province,SARAGURO,SARAGURO,-3,614134919060,UNIDAD EDUCATIVA FISCOMISIONAL SAN JOSE DE CALASANZ,   BARRIO APUGUIN,FiscomitionalHighSchool,Sierra,Presencial,Matutina,33,39,72,13,585
Loja_Province,ESPINDOLA,AMALUZA,-4,581693117110,UNIDAD EDUCATIVA MONS LUIS ALFONSO CRESPO,AVENIDA ZUMBA SN VIA  A CONSAPAMBA ,FiscomitionalHighSchool,Costa,Presencial,Matutina,25,23,48,4,331
Loja_Province,CALVAS,COLAISACA,-4,264975398390,UNIDAD EDUCATIVA MONSE�OR SANTIAGO FERNANDEZ GARC�A,   BARRIO CENTRAL VELAZCO IBARRA Y 18 DE NOVIEMBRE,FiscomitionalHighSchool,Costa,Presencial,Matutina,Nocturno,68,55,123,15
Loja_Province,LOJA,SANLUCAS,-3,738634821110,UNIDAD EDUCATIVA MUSHUK RIMAK,   CABECERA PARROQUIAL,FiscalHighSchool,Sierra,Presencial,Matutina,11,14,25,2,209
Loja_Province,SARAGURO,SARAGURO,-3,626087506970,UNIDAD EDUCATIVA FISCOMISIONAL FRAY CRIST�BAL ZAMBRANO,LOJA  CRISTOBAL ZAMBRANO ,FiscomitionalHighSchool,Sierra,Presencial,Matutina,13,10,23,1,171
Loja_Province,SARAGURO,SELVAALEGRE,-3,555560042600,COLEGIO DE BACHILLERATO VICENTE BASTIDAS REINOSO,   BARRIO VALLE HERMOSO,FiscalHighSchool,Costa,Presencial,Matutina,5,7,12,3,96
Loja_Province,SARAGURO,SUMAYPAMBA,-3,357721821420,ESCUELA DE EDUCACI�N B�SICA ORILLAS DEL JUBONES,   BARRIO SUMAYPAMBA,FiscalHighSchool,Costa,Presencial,Matutina,Vespertina,9,4,13,0
Loja_Province,SARAGURO,URDANETA(PAQUISHAPA),-3,606226242500,COLEGIO PROFESOR VIRGILIO ABARCA MONTESINOS,   PARROQUIA URDANETA,FiscalHighSchool,Sierra,Presencial,Matutina,9,13,22,3,167
Loja_Province,LOJA,VALLE,-3,944304254910,ESCUELA DE EDUCACION BASICA MARIETA DE VEINTIMILLA,AV  CHUQUIRIBAMBA 00 AV  INTEGRACION BARRIAL Y  LAGUNA DE YAMBO ,FiscalHighSchool,Sierra,Presencial,Matutina,Vespertina,33,19,52,4
Loja_Province,LOJA,VALLE,-3,971886224190,I.E. ESPECIAL DE LOJA NO. 2,AGUSTIN PALACIOS 1 TRAS DEL ASILO DE ANCIANO DANIEL ALVAREZ SANCHEZ ,FiscomitionalHighSchool,Sierra,Presencial,Matutina,11,3,14,1,17
Loja_Province,LOJA,VALLE,-3,995405,SERVICIO ECUATORIANO DE CAPACITACI�N PROFESIONAL SECAP,GRANADA LOJA AV ISIDRO AYORA ,FiscalHighSchool,Sierra,Presencial,Matutina,1,1,2,16,
Loja_Province,LOJA,VALLE,-3,981941278420,UNIDAD EDUC FISCOMISIONAL PARA PCEI JOSE MARIA VELAZ EXT 1 LOJA,ESMERALDAS  GUAYAQUIL Y MANTA ,FiscomitionalHighSchool,Sierra,Semipresencial,Vespertina,6,3,9,2,92
Loja_Province,LOJA,VALLE,-3,948808534320,UNIDAD EDUCATIVA COMIL N 5 LAURO GUERRERO,SALVADOR BUSTAMANTE CELI  ninguna ,FiscalHighSchool,Sierra,Presencial,Matutina,43,19,62,20,473
Loja_Province,LOJA,VALLE,-3,951781032850,UNIDAD EDUCATIVA FERNANDO SUAREZ PALACIO,AVENIDA PABLO PALACIO 1 SIN NOMBRE ,FiscalHighSchool,Sierra,Presencial,Matutina,16,5,21,2,185
Loja_Province,LOJA,VALLE,-3,987918158240,UNIDAD EDUCATIVA FISCOMISIONAL  PARA PCI HERMANO ANGEL PASTRANA,BERNARDO VALDIVIESO 0361 QUITO Y JOSE FELIX DE VALDIVIESO ,FiscomitionalHighSchool,Costa,Distancia,Matutina,44,21,65,1,514
Loja_Province,LOJA,VALLE,-3,976996903350,UNIDAD EDUCATIVA FISCOMISIONAL CALASANZ,AVENIDA ORILLAS DEL ZAMORA  ISIDRO AYORA ,FiscomitionalHighSchool,Sierra,Presencial,Matutina,Nocturno,59,29,88,24
Loja_Province,PALTAS,YAMANA,-4,3836170510,COLEGIO DE BACHILLERATO FRANCISCO VALDIVIESO ALVARADO,   AV 20  DE JULIO,FiscalHighSchool,Costa,Presencial,Matutina,4,4,8,3,34
Loja_Province,LOJA,ELSAGRARIO,-3,998861008450,UNIDAD EDUCATIVA PARTICULAR ATENEO,CALLE SUCRE 05-43 COL�N E IMBABAURA ,LaicHighSchool,Sierra,Presencial,Matutina,23,2,25,6,134
Loja_Province,LOJA,ELSAGRARIO,-3,998277339160,UNIDAD EDUCATIVA PARTICULAR JOSE ANTONIO EGUIGUREN  LA SALLE,AVENIDA ORILLAS DEL ZAMORA 3 ROCAFUERTE ,ReligiousHighSchool,Sierra,Presencial,Matutina,28,17,45,19,314
Loja_Province,LOJA,SANSEBASTIAN,-4,3302760020,UNIDAD EDUCATIVA PARTICULAR JUAN MONTALVO,AV. EMILIANO ORTEGA 1375 LOURDES ,LaicHighSchool,Sierra,Presencial,Matutina,14,4,18,8,75
Loja_Province,LOJA,ELSAGRARIO,-3,994529150910,UNIDAD EDUCATIVA SAN FRANCISCO DE ASIS,IMBABURA 13-46 BOLIVAR  Y BERNARDO VALDIVIESO ,FiscomitionalHighSchool,Sierra,Presencial,Matutina,44,18,62,8,612
Loja_Province,GONZANAMA,CHANGAIMINA(LALIBERTAD),-4,222472808760,UNIDAD EDUCATIVA SAN VICENTE DE PA�L,   A UNA CUADRA DEL SANTUARIO REINA DE LA CARIDAD,FiscomitionalHighSchool,Costa,Presencial,Matutina,14,12,26,6,218
Loja_Province,CALVAS,SANGUILLIN,-4,449720315060,UNIDAD EDUCATIVA SANGUILLIN,   CENTRO PARROQUIAL SANGUILLIN FRENTE AL PARQUE CENTRAL,FiscalHighSchool,Costa,Presencial,Matutina,8,8,16,4,112
Loja_Province,LOJA,ELSAGRARIO,-3,998115770290,UNIDAD EDUCATIVA SANTA MARIANA DE JESUS,OLMEDO 0960 ROCAFUERTE Y MIGUEL RIOFRIO ,ReligiousHighSchool,Sierra,Presencial,Matutina,43,13,56,22,1.199
Loja_Province,MACARA,MACARA(MANUELENRIQUERENGELSUQUILANDA),-4,354343123070,UNIDAD EDUCATIVA SANTA MARIANA DE JESUS,JUVENAL JARAMILLO 69-15 ALAMOR ,FiscomitionalHighSchool,Costa,Presencial,Matutina,28,9,37,3,493
Loja_Province,CELICA,CELICA,-4,103198552690,UNIDAD EDUCATIVA SANTA TERESITA,GARCIA MORENO  PRESBITERO RIOFRIO ,FiscomitionalHighSchool,Costa,Presencial,Matutina,36,11,47,4,354
Loja_Province,ESPINDOLA,AMALUZA,-4,539268285610,UNIDAD EDUCATIVA TIOPAMBA,   VIA AMALUZA A CARIAMANGA KM 8 BARRIO  TIOPAMBA,FiscalHighSchool,Costa,Presencial,Matutina,9,7,16,3,79
